Ingredient,Price,Quantity,Unit Price,Unit,Url
Selection Canola Oil,4.99,per pack,1.05,100ml,https://www.instacart.ca/store/metro/products/27267968
Terra Delyssa Premium Extra Virgin Olive Oil,19.99,per pack,2.0,100ml,https://www.instacart.ca/store/metro/products/17877530
Selection Balsamic Vinegar,3.29,per pack,0.66,100ml,https://www.instacart.ca/store/metro/products/27268748
Selection White Wine Vinegar,2.69,per pack,0.54,100ml,https://www.instacart.ca/store/metro/products/27297046
Irresistibles Rice Vinegar,3.99,per pack,null,null,https://www.instacart.ca/store/metro/products/27351155
French's Tomato Ketchup,-1,-1,null,null,https://www.instacart.ca/store/metro/products/17876337
Hellmann's Real Mayo,6.99,per pack,0.79,100ml,https://www.instacart.ca/store/metro/products/17819200
French's Mustard Squeeze,679.0,per pack,null,null,https://www.instacart.ca/store/metro/products/17883972
Selection Soya Sauce,2.49,per pack,0.55,100ml,https://www.instacart.ca/store/metro/products/27268365
Chili Paste,0,0,0,0,0
Hot Sauce,0,0,0,0,0
Club House Organic Cayenne Pepper,2.99,per pack,9.06,100g,https://www.instacart.ca/store/metro/products/17818015
Club House Organic Ground Cumin,2.99,per pack,7.48,100g,https://www.instacart.ca/store/metro/products/17886592
Club House Organic Ground Coriander Powder,2.99,per pack,10.68,100g,https://www.instacart.ca/store/metro/products/17886621
Oregano,0,0,0,0,0
Club House Organic Paprika,2.99,per pack,7.48,100g,https://www.instacart.ca/store/metro/products/17877645
Club House Organic Rosemary Leaves,2.99,per pack,21.36,100g,https://www.instacart.ca/store/metro/products/17879120
Club House Organic Thyme Leaves,2.99,per pack,14.95,100g,https://www.instacart.ca/store/metro/products/17881315
McCormick® Gourmet Organic Ground Saigon Cinnamon,6.99,per pack,25.89,100g,https://www.instacart.ca/store/metro/products/25701094
Cloves,0,0,0,0,0
Irresistibles Ground Jamaican Allspice in Glass Bottle,4.99,per pack,9.07,100g,https://www.instacart.ca/store/metro/products/27266577
Club House Organic Ground Ginger,2.99,per pack,11.5,100g,https://www.instacart.ca/store/metro/products/17971429
McCormick® Gourmet Organic Ground Nutmeg,6.99,per pack,17.05,100g,https://www.instacart.ca/store/metro/products/25701408
Irresistibles Chili Powder,4.99,per pack,7.34,100g,https://www.instacart.ca/store/metro/products/27268114
Club House Organic Curry Powder,2.99,per pack,7.48,100g,https://www.instacart.ca/store/metro/products/19029973
McCormick Canada Club House Artificial Vanilla Extract,2.99,per pack,6.95,100ml,https://www.instacart.ca/store/metro/products/17971612
Bush's Best Original Baked Beans,2.99,per pack,0.75,100ml,https://www.instacart.ca/store/metro/products/17000862
Selection Chick Pea Legume,1.99,per pack,0.37,100ml,https://www.instacart.ca/store/metro/products/27266241
